Stock1,Stock2,Stock3,Stock4,Stock1_Delay,Stock2_Delay,Stock3_Delay,Stock4_Delay
1479.36,1088.26,1545.61,1304.27,1481.4,1094.6,1546.06,1347.49
1479.33,1087.03,1544.94,1305.82,1479.36,1088.26,1545.61,1304.27
1479.72,1087.16,1543.55,1287.43,1479.33,1087.03,1544.94,1305.82
1477.47,1077.92,1545.35,1193.67,1479.72,1087.16,1543.55,1287.43
1474.91,1076.45,1545.01,1296.92,1477.47,1077.92,1545.35,1193.67
1472.41,1074.89,1544.71,1270.44,1474.91,1076.45,1545.01,1296.92
1469.55,1072.73,1544.04,1251.18,1472.41,1074.89,1544.71,1270.44
1466.26,1070.08,1541.66,1225.63,1469.55,1072.73,1544.04,1251.18
1462.55,1065.37,1540.57,1121.27,1466.26,1070.08,1541.66,1225.63
1459.73,1062.11,1542.07,1077.7,1462.55,1065.37,1540.57,1121.27
1457.96,1061.03,1541.18,1125.51,1459.73,1062.11,1542.07,1077.7
1455.2,1059.19,1540.74,1098.47,1457.96,1061.03,1541.18,1125.51
1453.85,1061.46,1542.4,1059.88,1455.2,1059.19,1540.74,1098.47
1453.47,1075.92,1543.57,1117.95,1453.85,1061.46,1542.4,1059.88
1453.49,1075.78,1544.19,1121.74,1453.47,1075.92,1543.57,1117.95
1453.32,1074.23,1544.75,1144.42,1453.49,1075.78,1544.19,1121.74
1452.78,1073.9,1545.15,1148.19,1453.32,1074.23,1544.75,1144.42
1451.26,1075.59,1546.28,1163.01,1452.78,1073.9,1545.15,1148.19
1447.33,1088.88,1538.25,1158.22,1451.26,1075.59,1546.28,1163.01
1443.92,1085.68,1538.66,814.32,1447.33,1088.88,1538.25,1158.22
1443.18,1093.03,1539.52,827.27,1443.92,1085.68,1538.66,814.32
1443.32,1094.6,1540.63,844.7,1443.18,1093.03,1539.52,827.27
1443.02,1094.57,1541.04,870.72,1443.32,1094.6,1540.63,844.7
1442.9,1085.97,1540.13,917.63,1443.02,1094.57,1541.04,870.72
1443.28,1092.36,1541.56,902.23,1442.9,1085.97,1540.13,917.63
1445.32,1115.96,1539.05,994.34,1443.28,1092.36,1541.56,902.23
1445.53,1116.42,1539.69,906.56,1445.32,1115.96,1539.05,994.34
1448.94,1143.32,1538.8,914.2,1445.53,1116.42,1539.69,906.56
1448.93,1146.11,1537.38,881.67,1448.94,1143.32,1538.8,914.2
1451.64,1162.16,1537.6,829.79,1448.93,1146.11,1537.38,881.67
1453.02,1160.93,1535.84,817.46,1451.64,1162.16,1537.6,829.79
1455.19,1158.73,1538.47,753.25,1453.02,1160.93,1535.84,817.46
1464.01,1187.09,1539.82,857.71,1455.19,1158.73,1538.47,753.25
1469.54,1195.21,1539.62,907.02,1464.01,1187.09,1539.82,857.71
1464.12,1209.21,1540.12,897.97,1469.54,1195.21,1539.62,907.02
1459.31,1204.16,1540.24,915.42,1464.12,1209.21,1540.12,897.97
1455.64,1200.81,1540.44,916.95,1459.31,1204.16,1540.24,915.42
1453.48,1212.26,1539.67,930.73,1455.64,1200.81,1540.44,916.95
1450.71,1209.82,1540.15,902.45,1453.48,1212.26,1539.67,930.73
1448.55,1209.62,1544.56,907.75,1450.71,1209.82,1540.15,902.45
1447.55,1218.11,1545.23,1098.1,1448.55,1209.62,1544.56,907.75
1446.96,1220.02,1544.56,1127.11,1447.55,1218.11,1545.23,1098.1
1446.68,1217.83,1545.13,1133.67,1446.96,1220.02,1544.56,1127.11
1444.19,1213.71,1545.46,1177.65,1446.68,1217.83,1545.13,1133.67
1442.48,1206.71,1545.28,1195.5,1444.19,1213.71,1545.46,1177.65
1441.24,1205.69,1544.66,1204.65,1442.48,1206.71,1545.28,1195.5
1443.92,1236.13,1546.73,1148.98,1441.24,1205.69,1544.66,1204.65
1447.09,1235.61,1550.08,1263.91,1443.92,1236.13,1546.73,1148.98
1446.0,1232.76,1549.38,1457.11,1447.09,1235.61,1550.08,1263.91
1446.93,1235.93,1552.52,1504.0,1446.0,1232.76,1549.38,1457.11
1447.86,1241.91,1552.02,1719.36,1446.93,1235.93,1552.52,1504.0
1446.02,1239.59,1553.2,1656.64,1447.86,1241.91,1552.02,1719.36
1443.79,1238.39,1553.27,1668.23,1446.02,1239.59,1553.2,1656.64
1441.69,1238.84,1555.01,1619.42,1443.79,1238.39,1553.27,1668.23
1441.88,1247.47,1554.38,1719.93,1441.69,1238.84,1555.01,1619.42
1440.55,1247.17,1557.4,1676.54,1441.88,1247.47,1554.38,1719.93
1438.8,1243.7,1557.36,1889.87,1440.55,1247.17,1557.4,1676.54
1442.83,1256.76,1557.05,1916.6,1438.8,1243.7,1557.36,1889.87
1443.91,1262.31,1557.74,1904.18,1442.83,1256.76,1557.05,1916.6
1442.5,1260.16,1556.8,1976.57,1443.91,1262.31,1557.74,1904.18
1440.74,1259.83,1555.04,1910.78,1442.5,1260.16,1556.8,1976.57
1439.14,1256.19,1555.59,1735.79,1440.74,1259.83,1555.04,1910.78
1438.34,1258.76,1556.67,1797.76,1439.14,1256.19,1555.59,1735.79
1439.53,1265.89,1559.2,1964.77,1438.34,1258.76,1556.67,1797.76
1439.95,1262.74,1556.58,2124.86,1439.53,1265.89,1559.2,1964.77
1438.97,1263.12,1555.85,1935.38,1439.95,1262.74,1556.58,2124.86
1437.61,1268.42,1554.94,1855.84,1438.97,1263.12,1555.85,1935.38
1435.4,1266.71,1556.47,1782.19,1437.61,1268.42,1554.94,1855.84
1432.65,1264.32,1554.62,1944.08,1435.4,1266.71,1556.47,1782.19
1429.43,1258.0,1551.63,1780.07,1432.65,1264.32,1554.62,1944.08
1427.56,1255.03,1551.08,1642.44,1429.43,1258.0,1551.63,1780.07
1427.02,1256.38,1550.67,1591.97,1427.56,1255.03,1551.08,1642.44
1427.0,1257.85,1550.16,1571.24,1427.02,1256.38,1550.67,1591.97
1427.39,1254.71,1549.94,1540.49,1427.0,1257.85,1550.16,1571.24
1428.82,1256.38,1547.51,1517.95,1427.39,1254.71,1549.94,1540.49
1428.65,1255.34,1546.67,1402.99,1428.82,1256.38,1547.51,1517.95
1430.9,1233.15,1547.6,1343.55,1428.65,1255.34,1546.67,1402.99
1429.89,1234.38,1548.83,1369.16,1430.9,1233.15,1547.6,1343.55
1432.06,1238.01,1548.3,1454.65,1429.89,1234.38,1548.83,1369.16
1432.09,1240.94,1546.28,1448.22,1432.06,1238.01,1548.3,1454.65
1431.93,1246.5,1549.98,1303.79,1432.09,1240.94,1546.28,1448.22
1432.34,1254.54,1549.96,1579.44,1431.93,1246.5,1549.98,1303.79
1429.92,1252.74,1552.69,1598.45,1432.34,1254.54,1549.96,1579.44
1429.27,1253.84,1553.65,1841.06,1429.92,1252.74,1552.69,1598.45
1427.15,1251.94,1554.81,1913.93,1429.27,1253.84,1553.65,1841.06
1425.64,1259.41,1555.85,2003.54,1427.15,1251.94,1554.81,1913.93
1424.56,1265.75,1556.04,2088.71,1425.64,1259.41,1555.85,2003.54
1423.76,1258.82,1555.51,2083.49,1424.56,1265.75,1556.04,2088.71
1424.48,1268.38,1555.38,2052.66,1423.76,1258.82,1555.51,2083.49
1424.44,1277.81,1554.22,2073.73,1424.48,1268.38,1555.38,2052.66
1421.68,1287.45,1554.27,1998.85,1424.44,1277.81,1554.22,2073.73
1421.05,1294.26,1552.25,2014.94,1421.68,1287.45,1554.27,1998.85
1419.35,1293.02,1555.19,1841.06,1421.05,1294.26,1552.25,2014.94
1418.48,1300.83,1554.59,2063.48,1419.35,1293.02,1555.19,1841.06
1417.25,1298.25,1554.56,2047.98,1418.48,1300.83,1554.59,2063.48
1414.67,1291.21,1553.98,1998.02,1417.25,1298.25,1554.56,2047.98
1412.28,1292.96,1553.86,1953.44,1414.67,1291.21,1553.98,1998.02
1411.8,1300.14,1555.4,1906.36,1412.28,1292.96,1553.86,1953.44
1411.6,1312.91,1556.14,2018.24,1411.8,1300.14,1555.4,1906.36
1411.51,1316.41,1556.36,2108.49,1411.6,1312.91,1556.14,2018.24
1407.95,1313.71,1556.84,2094.11,1411.51,1316.41,1556.36,2108.49
1405.08,1307.57,1556.69,2133.1,1407.95,1313.71,1556.84,2094.11
1402.09,1304.31,1555.91,2093.71,1405.08,1307.57,1556.69,2133.1
1395.89,1297.34,1555.17,2047.8,1402.09,1304.31,1555.91,2093.71
1392.19,1296.24,1557.18,1975.82,1395.89,1297.34,1555.17,2047.8
1390.7,1288.82,1557.67,2122.53,1392.19,1296.24,1557.18,1975.82
1388.82,1291.88,1556.63,2183.87,1390.7,1288.82,1557.67,2122.53
1385.89,1289.26,1553.56,2111.76,1388.82,1291.88,1556.63,2183.87
1383.71,1290.88,1555.31,1890.96,1385.89,1289.26,1553.56,2111.76
1382.03,1294.44,1554.02,2075.67,1383.71,1290.88,1555.31,1890.96
1378.18,1279.02,1552.59,1978.47,1382.03,1294.44,1554.02,2075.67
1375.56,1273.24,1554.4,1856.3,1378.18,1279.02,1552.59,1978.47
1372.16,1276.33,1555.64,1989.9,1375.56,1273.24,1554.4,1856.3
1369.6,1274.08,1557.13,2083.84,1372.16,1276.33,1555.64,1989.9
1368.62,1260.48,1557.51,2215.54,1369.6,1274.08,1557.13,2083.84
1367.55,1260.59,1556.91,2184.83,1368.62,1260.48,1557.51,2215.54
1367.38,1268.45,1557.35,2069.05,1367.55,1260.59,1556.91,2184.83
1366.12,1267.3,1557.82,2118.44,1367.38,1268.45,1557.35,2069.05
1364.06,1265.51,1556.19,2159.33,1366.12,1267.3,1557.82,2118.44
1363.09,1282.84,1559.39,2014.64,1364.06,1265.51,1556.19,2159.33
1361.19,1281.22,1558.86,2379.89,1363.09,1282.84,1559.39,2014.64
1358.89,1280.17,1559.05,2314.25,1361.19,1281.22,1558.86,2379.89
1357.41,1299.78,1556.31,2307.7,1358.89,1280.17,1559.05,2314.25
1355.07,1296.87,1559.44,2082.73,1357.41,1299.78,1556.31,2307.7
1348.99,1281.98,1557.98,2332.87,1355.07,1296.87,1559.44,2082.73
1345.42,1282.9,1555.2,2148.99,1348.99,1281.98,1557.98,2332.87
1343.1,1272.3,1555.21,1933.57,1345.42,1282.9,1555.2,2148.99
1341.48,1273.64,1553.92,2015.27,1343.1,1272.3,1555.21,1933.57
1340.85,1274.4,1553.44,1906.56,1341.48,1273.64,1553.92,2015.27
1339.32,1272.64,1553.34,1918.05,1340.85,1274.4,1553.44,1906.56
1338.75,1271.33,1551.84,1956.05,1339.32,1272.64,1553.34,1918.05
1336.92,1270.06,1551.01,1888.41,1338.75,1271.33,1551.84,1956.05
1335.21,1273.93,1549.85,1893.86,1336.92,1270.06,1551.01,1888.41
1332.91,1271.88,1550.29,1784.89,1335.21,1273.93,1549.85,1893.86
1330.21,1268.96,1549.31,1830.19,1332.91,1271.88,1550.29,1784.89
1328.1,1268.2,1550.45,1806.59,1330.21,1268.96,1549.31,1830.19
1326.53,1272.21,1550.74,1883.37,1328.1,1268.2,1550.45,1806.59
1325.56,1271.55,1550.52,1909.99,1326.53,1272.21,1550.74,1883.37
1322.31,1259.93,1548.56,1907.05,1325.56,1271.55,1550.52,1909.99
1320.22,1263.3,1548.1,1747.5,1322.31,1259.93,1548.56,1907.05
1318.36,1264.26,1547.1,1724.81,1320.22,1263.3,1548.1,1747.5
1317.47,1266.33,1546.04,1661.62,1318.36,1264.26,1547.1,1724.81
1315.72,1264.98,1546.5,1582.77,1317.47,1266.33,1546.04,1661.62
1315.05,1258.5,1546.33,1639.17,1315.72,1264.98,1546.5,1582.77
1314.59,1266.63,1548.97,1606.01,1315.05,1258.5,1546.33,1639.17
1316.82,1263.55,1547.64,1794.78,1314.59,1266.63,1548.97,1606.01
1317.77,1264.9,1543.54,1672.71,1316.82,1263.55,1547.64,1794.78
1317.13,1265.19,1541.88,1364.81,1317.77,1264.9,1543.54,1672.71
1316.75,1267.6,1538.89,1276.93,1317.13,1265.19,1541.88,1364.81
1313.97,1253.04,1539.46,1133.43,1316.75,1267.6,1538.89,1276.93
1312.44,1254.44,1539.58,1149.13,1313.97,1253.04,1539.46,1133.43
1311.23,1256.21,1539.75,1140.4,1312.44,1254.44,1539.58,1149.13
1309.75,1254.23,1540.76,1156.85,1311.23,1256.21,1539.75,1140.4
1308.56,1256.6,1536.82,1227.56,1309.75,1254.23,1540.76,1156.85
1308.17,1256.34,1536.53,1030.51,1308.56,1256.6,1536.82,1227.56
1308.53,1249.58,1536.42,1004.5,1308.17,1256.34,1536.53,1030.51
1307.57,1249.7,1536.06,1004.27,1308.53,1249.58,1536.42,1004.5
1306.31,1255.47,1535.08,980.82,1307.57,1249.7,1536.06,1004.27
1306.65,1270.24,1535.33,966.73,1306.31,1255.47,1535.08,980.82
1308.24,1283.34,1534.41,995.0,1306.65,1270.24,1535.33,966.73
1311.71,1294.11,1534.36,968.63,1308.24,1283.34,1534.41,995.0
1310.96,1292.52,1535.29,971.21,1311.71,1294.11,1534.36,968.63
1311.83,1301.55,1534.79,1010.73,1310.96,1292.52,1535.29,971.21
1309.8,1307.64,1533.92,971.8,1311.83,1301.55,1534.79,1010.73
1309.11,1324.8,1533.29,945.45,1309.8,1307.64,1533.92,971.8
1308.18,1328.84,1532.13,934.13,1309.11,1324.8,1533.29,945.45
1306.69,1326.1,1530.04,905.28,1308.18,1328.84,1532.13,934.13
1304.6,1323.87,1530.23,829.6,1306.69,1326.1,1530.04,905.28
1303.28,1326.82,1530.23,827.07,1304.6,1323.87,1530.23,829.6
1302.11,1326.39,1528.12,832.04,1303.28,1326.82,1530.23,827.07
1301.78,1330.64,1526.17,740.49,1302.11,1326.39,1528.12,832.04
1301.3,1335.27,1523.85,681.61,1301.78,1330.64,1526.17,740.49
1301.41,1327.06,1524.63,619.32,1301.3,1335.27,1523.85,681.61
1300.61,1329.34,1524.33,635.42,1301.41,1327.06,1524.63,619.32
1299.86,1332.99,1524.43,625.13,1300.61,1329.34,1524.33,635.42
1299.04,1330.55,1522.84,631.15,1299.86,1332.99,1524.43,625.13
1298.87,1334.73,1522.36,597.3,1299.04,1330.55,1522.84,631.15
1299.96,1338.38,1522.58,574.41,1298.87,1334.73,1522.36,597.3
1298.79,1337.21,1521.3,594.96,1299.96,1338.38,1522.58,574.41
1301.04,1339.77,1522.44,562.94,1298.79,1337.21,1521.3,594.96
1299.36,1346.99,1521.45,595.72,1301.04,1339.77,1522.44,562.94
1297.43,1346.92,1520.85,555.47,1299.36,1346.99,1521.45,595.72
1295.71,1343.0,1520.29,551.94,1297.43,1346.92,1520.85,555.47
1294.43,1335.16,1520.55,544.04,1295.71,1343.0,1520.29,551.94
1292.95,1334.27,1524.07,543.64,1294.43,1335.16,1520.55,544.04
1291.97,1329.4,1524.55,644.18,1292.95,1334.27,1524.07,543.64
1291.45,1316.65,1524.31,647.41,1291.97,1329.4,1524.55,644.18
1290.23,1315.82,1522.74,648.54,1291.45,1316.65,1524.31,647.41
1288.21,1313.98,1522.93,580.61,1290.23,1315.82,1522.74,648.54
1287.31,1315.76,1522.74,585.61,1288.21,1313.98,1522.93,580.61
1285.61,1314.77,1524.68,584.7,1287.31,1315.76,1522.74,585.61
1284.49,1311.01,1522.76,626.54,1285.61,1314.77,1524.68,584.7
1283.54,1327.53,1522.95,577.79,1284.49,1311.01,1522.76,626.54
1281.85,1325.95,1523.24,585.78,1283.54,1327.53,1522.95,577.79
1279.73,1323.33,1520.49,591.38,1281.85,1325.95,1523.24,585.78
1278.15,1320.34,1518.37,531.66,1279.73,1323.33,1520.49,591.38
1276.5,1320.26,1518.82,473.92,1278.15,1320.34,1518.37,531.66
1274.7,1318.37,1513.87,475.85,1276.5,1320.26,1518.82,473.92
1273.9,1304.76,1513.62,385.24,1274.7,1318.37,1513.87,475.85
1275.3,1291.34,1512.41,381.3,1273.9,1304.76,1513.62,385.24
1276.76,1295.02,1513.15,365.94,1275.3,1291.34,1512.41,381.3
1276.02,1297.98,1512.05,381.95,1276.76,1295.02,1513.15,365.94
1274.48,1296.95,1509.82,363.25,1276.02,1297.98,1512.05,381.95
1271.47,1287.64,1509.89,334.12,1274.48,1296.95,1509.82,363.25
1269.94,1284.5,1508.4,345.08,1271.47,1287.64,1509.89,334.12
1268.3,1283.98,1509.91,324.26,1269.94,1284.5,1508.4,345.08
1267.58,1285.37,1509.61,350.89,1268.3,1283.98,1509.91,324.26
1266.96,1284.06,1509.35,344.46,1267.58,1285.37,1509.61,350.89
1266.63,1286.72,1509.2,340.32,1266.96,1284.06,1509.35,344.46
1267.31,1313.79,1509.55,333.55,1266.63,1286.72,1509.2,340.32
1267.34,1321.72,1505.32,340.41,1267.31,1313.79,1509.55,333.55
1267.92,1320.61,1506.79,283.87,1267.34,1321.72,1505.32,340.41
1266.91,1320.58,1507.97,299.05,1267.92,1320.61,1506.79,283.87
1264.87,1319.38,1506.51,318.98,1266.91,1320.58,1507.97,299.05
1262.46,1316.82,1507.15,302.91,1264.87,1319.38,1506.51,318.98
1259.7,1313.09,1508.65,311.33,1262.46,1316.82,1507.15,302.91
1257.74,1315.75,1508.92,333.9,1259.7,1313.09,1508.65,311.33
1256.75,1320.14,1510.25,345.95,1257.74,1315.75,1508.92,333.9
1254.21,1314.25,1511.74,354.66,1256.75,1320.14,1510.25,345.95
1250.93,1306.79,1510.94,367.59,1254.21,1314.25,1511.74,354.66
1248.68,1296.54,1505.29,360.24,1250.93,1306.79,1510.94,367.59
1248.23,1289.03,1505.13,289.56,1248.68,1296.54,1505.29,360.24
1246.16,1283.88,1506.26,280.66,1248.23,1289.03,1505.13,289.56
1244.03,1282.17,1506.6,284.2,1246.16,1283.88,1506.26,280.66
1241.7,1278.95,1505.51,290.12,1244.03,1282.17,1506.6,284.2
1239.63,1275.49,1505.19,286.25,1241.7,1278.95,1505.51,290.12
1238.1,1276.91,1505.26,281.86,1239.63,1275.49,1505.19,286.25
1237.49,1274.36,1506.82,286.03,1238.1,1276.91,1505.26,281.86
1235.02,1262.85,1505.13,298.23,1237.49,1274.36,1506.82,286.03
1233.07,1265.78,1504.53,275.34,1235.02,1262.85,1505.13,298.23
1228.32,1236.61,1504.96,269.14,1233.07,1265.78,1504.53,275.34
1225.32,1228.77,1504.73,269.58,1228.32,1236.61,1504.96,269.14
1223.11,1223.99,1505.01,264.01,1225.32,1228.77,1504.73,269.58
1221.06,1222.15,1502.28,267.15,1223.11,1223.99,1505.01,264.01
1219.49,1213.21,1499.52,242.44,1221.06,1222.15,1502.28,267.15
1218.56,1214.35,1500.42,212.52,1219.49,1213.21,1499.52,242.44
1216.18,1211.71,1499.45,212.97,1218.56,1214.35,1500.42,212.52
1214.3,1210.22,1499.2,204.11,1216.18,1211.71,1499.45,212.97
1212.03,1208.03,1500.66,201.28,1214.3,1210.22,1499.2,204.11
1209.1,1204.18,1501.94,215.01,1212.03,1208.03,1500.66,201.28
1206.73,1196.29,1501.6,223.35,1209.1,1204.18,1501.94,215.01
1203.96,1193.45,1500.44,211.74,1206.73,1196.29,1501.6,223.35
1200.76,1191.63,1499.73,199.82,1203.96,1193.45,1500.44,211.74
1199.83,1185.43,1501.58,194.68,1200.76,1191.63,1499.73,199.82
1200.95,1144.14,1501.43,216.85,1199.83,1185.43,1501.58,194.68
1201.1,1146.81,1500.68,217.64,1200.95,1144.14,1501.43,216.85
1199.11,1144.7,1499.82,209.25,1201.1,1146.81,1500.68,217.64
1197.55,1141.4,1497.96,197.59,1199.11,1144.7,1499.82,209.25
1196.56,1149.04,1497.85,180.98,1197.55,1141.4,1497.96,197.59
1194.84,1147.13,1496.53,185.7,1196.56,1149.04,1497.85,180.98
1192.78,1145.05,1497.16,178.18,1194.84,1147.13,1496.53,185.7
1191.67,1142.7,1493.51,183.11,1192.78,1145.05,1497.16,178.18
1190.9,1137.03,1493.83,150.79,1191.67,1142.7,1493.51,183.11
1188.48,1136.15,1494.18,152.54,1190.9,1137.03,1493.83,150.79
1186.76,1134.76,1495.33,150.51,1188.48,1136.15,1494.18,152.54
1186.1,1134.97,1495.16,155.35,1186.76,1134.76,1495.33,150.51
1185.91,1140.99,1494.53,163.9,1186.1,1134.97,1495.16,155.35
1184.81,1144.63,1495.22,158.51,1185.91,1140.99,1494.53,163.9
1182.7,1144.31,1493.84,166.87,1184.81,1144.63,1495.22,158.51
1181.69,1135.82,1493.58,159.49,1182.7,1144.31,1493.84,166.87
1179.79,1134.49,1493.71,155.75,1181.69,1135.82,1493.58,159.49
1178.83,1147.44,1492.13,158.02,1179.79,1134.49,1493.71,155.75
1178.27,1153.71,1489.12,151.43,1178.83,1147.44,1492.13,158.02
1178.22,1160.02,1487.69,133.71,1178.27,1153.71,1489.12,151.43
1178.44,1175.74,1486.87,126.16,1178.22,1160.02,1487.69,133.71
1178.33,1176.32,1489.56,121.37,1178.44,1175.74,1486.87,126.16
1179.26,1179.45,1490.3,137.64,1178.33,1176.32,1489.56,121.37
1180.87,1178.7,1491.5,136.94,1179.26,1179.45,1490.3,137.64
1181.52,1181.03,1491.11,141.56,1180.87,1178.7,1491.5,136.94
1182.63,1160.22,1489.61,138.06,1181.52,1181.03,1491.11,141.56
1183.19,1167.61,1488.38,134.77,1182.63,1160.22,1489.61,138.06
1181.78,1165.1,1486.67,130.63,1183.19,1167.61,1488.38,134.77
1180.54,1161.94,1487.53,120.4,1181.78,1165.1,1486.67,130.63
1179.61,1166.51,1486.34,122.97,1180.54,1161.94,1487.53,120.4
1178.3,1165.16,1486.04,116.81,1179.61,1166.51,1486.34,122.97
1177.89,1163.83,1485.47,117.79,1178.3,1165.16,1486.04,116.81
1177.52,1163.24,1485.55,113.47,1177.89,1163.83,1485.47,117.79
1176.98,1171.37,1487.12,110.46,1177.52,1163.24,1485.55,113.47
1176.27,1173.81,1486.47,117.5,1176.98,1171.37,1487.12,110.46
1174.74,1171.34,1485.47,113.92,1176.27,1173.81,1486.47,117.5
1172.9,1168.71,1485.21,112.1,1174.74,1171.34,1485.47,113.92
1171.98,1171.62,1487.18,118.14,1172.9,1168.71,1485.21,112.1
1170.96,1171.46,1485.67,128.84,1171.98,1171.62,1487.18,118.14
1171.54,1175.9,1485.87,125.3,1170.96,1171.46,1485.67,128.84
1171.35,1175.62,1488.25,125.09,1171.54,1175.9,1485.87,125.3
1169.74,1174.21,1488.3,138.87,1171.35,1175.62,1488.25,125.09
1166.38,1163.71,1485.48,134.26,1169.74,1174.21,1488.3,138.87
1165.67,1165.66,1486.59,120.64,1166.38,1163.71,1485.48,134.26
1164.62,1168.82,1487.36,127.04,1165.67,1165.66,1486.59,120.64
1163.88,1168.31,1487.72,133.09,1164.62,1168.82,1487.36,127.04
1161.46,1167.99,1488.68,131.99,1163.88,1168.31,1487.72,133.09
1159.48,1170.96,1488.15,135.11,1161.46,1167.99,1488.68,131.99
1157.65,1170.64,1488.16,131.37,1159.48,1170.96,1488.15,135.11
1156.7,1167.47,1489.32,132.37,1157.65,1170.64,1488.16,131.37
1155.5,1166.05,1489.63,134.86,1156.7,1167.47,1489.32,132.37
1154.18,1160.7,1488.59,139.29,1155.5,1166.05,1489.63,134.86
1153.28,1152.47,1488.45,134.96,1154.18,1160.7,1488.59,139.29
1152.83,1152.08,1487.67,135.21,1153.28,1152.47,1488.45,134.96
1151.54,1150.86,1493.2,131.6,1152.83,1152.08,1487.67,135.21
1150.88,1145.45,1493.83,164.53,1151.54,1150.86,1493.2,131.6
1150.33,1141.62,1494.65,169.48,1150.88,1145.45,1493.83,164.53
1149.58,1146.64,1497.23,178.14,1150.33,1141.62,1494.65,169.48
1148.86,1145.43,1492.8,202.61,1149.58,1146.64,1497.23,178.14
1147.46,1151.96,1494.31,165.9,1148.86,1145.43,1492.8,202.61
1146.51,1149.38,1493.3,176.53,1147.46,1151.96,1494.31,165.9
1145.71,1140.62,1494.11,168.66,1146.51,1149.38,1493.3,176.53
1146.22,1169.97,1495.16,173.06,1145.71,1140.62,1494.11,168.66
1145.07,1169.35,1495.52,179.94,1146.22,1169.97,1495.16,173.06
1143.26,1167.67,1495.71,181.16,1145.07,1169.35,1495.52,179.94
1140.05,1168.54,1496.82,185.94,1143.26,1167.67,1495.71,181.16
1136.66,1162.22,1497.68,191.96,1140.05,1168.54,1496.82,185.94
1136.27,1164.16,1497.27,206.18,1136.66,1162.22,1497.68,191.96
1136.14,1170.91,1493.37,204.37,1136.27,1164.16,1497.27,206.18
1134.32,1162.79,1491.5,176.14,1136.14,1170.91,1493.37,204.37
1130.13,1177.89,1491.64,157.63,1134.32,1162.79,1491.5,176.14
1127.7,1180.39,1492.98,161.13,1130.13,1177.89,1491.64,157.63
1125.74,1177.1,1492.99,172.91,1127.7,1180.39,1492.98,161.13
1123.47,1174.47,1489.43,176.76,1125.74,1177.1,1492.99,172.91
1122.67,1186.65,1489.33,148.9,1123.47,1174.47,1489.43,176.76
1121.93,1183.24,1489.84,144.2,1122.67,1186.65,1489.33,148.9
1118.41,1108.74,1488.96,144.33,1121.93,1183.24,1489.84,144.2
1118.03,1132.58,1486.31,140.39,1118.41,1108.74,1488.96,144.33
1116.6,1131.5,1488.2,128.85,1118.03,1132.58,1486.31,140.39
1115.74,1135.16,1488.15,138.52,1116.6,1131.5,1488.2,128.85
1114.55,1135.08,1489.61,133.06,1115.74,1135.16,1488.15,138.52
1111.81,1127.2,1489.83,140.93,1114.55,1135.08,1489.61,133.06
1110.49,1109.2,1488.69,141.2,1111.81,1127.2,1489.83,140.93
1108.58,1107.3,1487.83,135.38,1110.49,1109.2,1488.69,141.2
1106.72,1107.31,1489.42,131.78,1108.58,1107.3,1487.83,135.38
1106.65,1104.51,1489.25,141.43,1106.72,1107.31,1489.42,131.78
1106.75,1105.86,1489.49,142.14,1106.65,1104.51,1489.25,141.43
1104.84,1105.49,1491.31,147.31,1106.75,1105.86,1489.49,142.14
1103.31,1109.47,1487.41,163.72,1104.84,1105.49,1491.31,147.31
1102.53,1111.26,1487.64,138.75,1103.31,1109.47,1487.41,163.72
1101.44,1110.13,1487.61,138.72,1102.53,1111.26,1487.64,138.75
1102.27,1118.33,1484.72,138.23,1101.44,1110.13,1487.61,138.72
1104.15,1131.54,1485.32,120.26,1102.27,1118.33,1484.72,138.23
1106.46,1119.47,1488.25,122.28,1104.15,1131.54,1485.32,120.26
1109.04,1122.65,1488.09,134.43,1106.46,1119.47,1488.25,122.28
1111.4,1149.68,1487.71,134.01,1109.04,1122.65,1488.09,134.43
1112.21,1156.51,1487.91,133.46,1111.4,1149.68,1487.71,134.01
1110.93,1155.97,1488.83,133.42,1112.21,1156.51,1487.91,133.46
1110.8,1156.69,1488.47,138.32,1110.93,1155.97,1488.83,133.42
1109.7,1156.14,1489.66,138.38,1110.8,1156.69,1488.47,138.32
1108.33,1152.53,1487.35,144.08,1109.7,1156.14,1489.66,138.38
1106.92,1153.63,1487.61,130.3,1108.33,1152.53,1487.35,144.08
1107.56,1154.81,1488.14,125.84,1106.92,1153.63,1487.61,130.3
1107.91,1157.67,1488.77,128.89,1107.56,1154.81,1488.14,125.84
1106.66,1157.29,1488.96,130.66,1107.91,1157.67,1488.77,128.89
1106.42,1154.53,1488.92,133.86,1106.66,1157.29,1488.96,130.66
1104.8,1154.11,1488.34,132.45,1106.42,1154.53,1488.92,133.86
1103.83,1149.74,1486.54,130.04,1104.8,1154.11,1488.34,132.45
1101.62,1146.65,1487.07,117.36,1103.83,1149.74,1486.54,130.04
1100.01,1144.21,1488.65,119.99,1101.62,1146.65,1487.07,117.36
1098.73,1149.24,1487.1,126.03,1100.01,1144.21,1488.65,119.99
1096.09,1146.13,1486.06,118.48,1098.73,1149.24,1487.1,126.03
1092.75,1141.36,1488.1,112.77,1096.09,1146.13,1486.06,118.48
1091.12,1132.96,1490.19,127.59,1092.75,1141.36,1488.1,112.77
1088.64,1130.25,1492.34,142.22,1091.12,1132.96,1490.19,127.59
1085.71,1132.49,1491.68,157.02,1088.64,1130.25,1492.34,142.22
1084.31,1151.18,1490.2,149.33,1085.71,1132.49,1491.68,157.02
1084.33,1146.96,1488.8,143.93,1084.31,1151.18,1490.2,149.33
1086.92,1161.77,1489.45,134.9,1084.33,1146.96,1488.8,143.93
1087.22,1163.48,1492.53,139.11,1086.92,1161.77,1489.45,134.9
1087.3,1166.16,1492.09,163.56,1087.22,1163.48,1492.53,139.11
1086.34,1166.87,1492.27,168.65,1087.3,1166.16,1492.09,163.56
1085.81,1169.86,1491.68,170.07,1086.34,1166.87,1492.27,168.65
1084.37,1168.64,1491.24,166.28,1085.81,1169.86,1491.68,170.07
1084.48,1170.47,1493.21,162.95,1084.37,1168.64,1491.24,166.28
1083.8,1172.95,1494.82,180.99,1084.48,1170.47,1493.21,162.95
1081.25,1169.93,1493.26,196.78,1083.8,1172.95,1494.82,180.99
1080.7,1171.27,1492.88,179.99,1081.25,1169.93,1493.26,196.78
1078.35,1182.91,1488.2,176.48,1080.7,1171.27,1492.88,179.99
1076.69,1183.92,1488.25,142.13,1078.35,1182.91,1488.2,176.48
1075.45,1185.84,1484.85,143.94,1076.69,1183.92,1488.25,142.13
1075.18,1192.56,1481.74,124.22,1075.45,1185.84,1484.85,143.94
1073.92,1191.68,1475.52,110.78,1075.18,1192.56,1481.74,124.22
1074.11,1187.47,1476.91,84.41,1073.92,1191.68,1475.52,110.78
1073.41,1186.22,1476.71,90.88,1074.11,1187.47,1476.91,84.41
1072.37,1183.83,1473.2,90.15,1073.41,1186.22,1476.71,90.88
1071.03,1183.55,1473.36,75.68,1072.37,1183.83,1473.2,90.15
1069.34,1181.62,1471.85,77.54,1071.03,1183.55,1473.36,75.68
1067.69,1188.64,1471.29,72.65,1069.34,1181.62,1471.85,77.54
1065.53,1186.22,1471.67,72.81,1067.69,1188.64,1471.29,72.65
1064.43,1177.53,1472.42,73.76,1065.53,1186.22,1471.67,72.81
1063.13,1176.41,1471.51,76.51,1064.43,1177.53,1472.42,73.76
1060.55,1167.49,1472.29,73.51,1063.13,1176.41,1471.51,76.51
1060.81,1178.13,1476.09,75.65,1060.55,1167.49,1472.29,73.51
1061.16,1178.82,1474.2,92.03,1060.81,1178.13,1476.09,75.65
1059.67,1179.57,1474.95,84.93,1061.16,1178.82,1474.2,92.03
1056.13,1154.1,1474.47,86.83,1059.67,1179.57,1474.95,84.93
1053.97,1151.4,1475.06,85.17,1056.13,1154.1,1474.47,86.83
1050.69,1141.66,1474.5,83.31,1053.97,1151.4,1475.06,85.17
1049.22,1140.5,1473.41,81.39,1050.69,1141.66,1474.5,83.31
1047.96,1106.52,1472.93,78.02,1049.22,1140.5,1473.41,81.39
1046.68,1106.99,1475.56,80.66,1047.96,1106.52,1472.93,78.02
1046.11,1114.08,1476.25,89.2,1046.68,1106.99,1475.56,80.66
1046.35,1107.69,1476.28,92.64,1046.11,1114.08,1476.25,89.2
1046.19,1110.44,1475.92,91.05,1046.35,1107.69,1476.28,92.64
1044.75,1110.84,1477.11,92.47,1046.19,1110.44,1475.92,91.05
1043.64,1108.24,1480.65,94.1,1044.75,1110.84,1477.11,92.47
1040.97,1106.82,1481.92,109.16,1043.64,1108.24,1480.65,94.1
1037.64,1103.85,1480.99,119.3,1040.97,1106.82,1481.92,109.16
1034.58,1099.98,1476.94,114.51,1037.64,1103.85,1480.99,119.3
1031.8,1096.21,1478.01,93.44,1034.58,1099.98,1476.94,114.51
1028.49,1093.27,1477.14,101.86,1031.8,1096.21,1478.01,93.44
1026.78,1087.4,1478.35,99.99,1028.49,1093.27,1477.14,101.86
1026.52,1086.95,1477.37,106.42,1026.78,1087.4,1478.35,99.99
1027.12,1119.35,1478.3,100.13,1026.52,1086.95,1477.37,106.42
1027.22,1116.33,1479.9,103.69,1027.12,1119.35,1478.3,100.13
1026.97,1117.48,1480.95,108.37,1027.22,1116.33,1479.9,103.69
1027.11,1114.06,1478.82,113.37,1026.97,1117.48,1480.95,108.37
1025.5,1110.44,1478.98,100.89,1027.11,1114.06,1478.82,113.37
1024.84,1107.0,1478.11,100.16,1025.5,1110.44,1478.98,100.89
1024.03,1109.36,1478.78,98.6,1024.84,1107.0,1478.11,100.16
1022.89,1108.92,1477.33,100.5,1024.03,1109.36,1478.78,98.6
1020.68,1103.98,1477.33,93.2,1022.89,1108.92,1477.33,100.5
1018.37,1100.9,1472.67,96.76,1020.68,1103.98,1477.33,93.2
1017.33,1109.68,1473.33,78.05,1018.37,1100.9,1472.67,96.76
1016.83,1107.72,1475.89,79.29,1017.33,1109.68,1473.33,78.05
1016.38,1118.04,1475.74,89.57,1016.83,1107.72,1475.89,79.29
1013.62,1121.05,1474.76,88.2,1016.38,1118.04,1475.74,89.57
1010.68,1114.99,1473.65,85.05,1013.62,1121.05,1474.76,88.2
1009.54,1117.11,1474.36,86.26,1010.68,1114.99,1473.65,85.05
1008.65,1117.85,1476.0,92.55,1009.54,1117.11,1474.36,86.26
1008.37,1114.13,1475.72,100.52,1008.65,1117.85,1476.0,92.55
1007.51,1114.75,1476.82,101.51,1008.37,1114.13,1475.72,100.52
1007.04,1110.59,1476.79,107.04,1007.51,1114.75,1476.82,101.51
1004.56,1111.28,1474.37,106.18,1007.04,1110.59,1476.79,107.04
1002.01,1103.89,1474.84,96.82,1004.56,1111.28,1474.37,106.18
1001.95,1108.32,1476.47,99.72,1002.01,1103.89,1474.84,96.82
1001.54,1105.43,1476.44,107.3,1001.95,1108.32,1476.47,99.72
1002.76,1133.07,1477.4,105.72,1001.54,1105.43,1476.44,107.3
1002.7,1135.76,1476.91,107.54,1002.76,1133.07,1477.4,105.72
1001.93,1135.44,1477.65,104.68,1002.7,1135.76,1476.91,107.54
1001.87,1101.89,1477.63,106.58,1001.93,1135.44,1477.65,104.68
1001.37,1099.46,1478.21,107.17,1001.87,1101.89,1477.63,106.58
1001.62,1085.43,1476.56,109.95,1001.37,1099.46,1478.21,107.17
1003.22,1082.65,1475.8,101.09,1001.62,1085.43,1476.56,109.95
1002.79,1081.3,1477.1,101.47,1003.22,1082.65,1475.8,101.09
1002.73,1085.48,1475.67,109.02,1002.79,1081.3,1477.1,101.47
1001.11,1082.02,1478.19,102.18,1002.73,1085.48,1475.67,109.02
1000.23,1085.39,1479.49,118.27,1001.11,1082.02,1478.19,102.18
1000.13,1082.85,1478.39,126.77,1000.23,1085.39,1479.49,118.27
999.3,1083.77,1479.11,120.92,1000.13,1082.85,1478.39,126.77
999.28,1086.36,1479.02,124.82,999.3,1083.77,1479.11,120.92
999.47,1087.2,1478.83,124.41,999.28,1086.36,1479.02,124.82
999.44,1085.5,1479.21,122.29,999.47,1087.2,1478.83,124.41
998.13,1088.08,1479.37,125.93,999.44,1085.5,1479.21,122.29
996.14,1085.88,1479.88,126.59,998.13,1088.08,1479.37,125.93
994.81,1082.26,1480.39,129.33,996.14,1085.88,1479.88,126.59
993.45,1083.53,1484.28,129.09,994.81,1082.26,1480.39,129.33
991.94,1080.69,1486.19,150.85,993.45,1083.53,1484.28,129.09
990.55,1078.57,1486.08,161.42,991.94,1080.69,1486.19,150.85
989.35,1075.91,1483.98,162.84,990.55,1078.57,1486.08,161.42
988.75,1064.47,1485.3,150.78,989.35,1075.91,1483.98,162.84
987.77,1065.28,1484.88,157.86,988.75,1064.47,1485.3,150.78
987.33,1061.45,1486.7,153.08,987.77,1065.28,1484.88,157.86
987.17,1068.61,1486.12,164.29,987.33,1061.45,1486.7,153.08
986.72,1064.27,1487.51,161.87,987.17,1068.61,1486.12,164.29
987.22,1073.94,1487.71,175.59,986.72,1064.27,1487.51,161.87
986.17,1072.28,1489.25,175.94,987.22,1073.94,1487.71,175.59
984.36,1069.96,1490.69,187.17,986.17,1072.28,1489.25,175.94
984.91,1049.28,1489.82,196.88,984.36,1069.96,1490.69,187.17
983.07,1040.27,1489.77,191.23,984.91,1049.28,1489.82,196.88
982.38,1040.71,1490.67,190.73,983.07,1040.27,1489.77,191.23
981.07,1040.26,1489.65,196.19,982.38,1040.71,1490.67,190.73
981.62,1024.46,1489.1,187.46,981.07,1040.26,1489.65,196.19
981.44,1025.62,1490.66,181.9,981.62,1024.46,1489.1,187.46
981.23,1027.46,1492.73,197.61,981.44,1025.62,1490.66,181.9
981.01,1029.53,1496.63,214.09,981.23,1027.46,1492.73,197.61
980.09,1029.42,1500.33,257.95,981.01,1029.53,1496.63,214.09
978.83,1028.04,1500.02,292.16,980.09,1029.42,1500.33,257.95
979.5,1007.53,1499.14,282.88,978.83,1028.04,1500.02,292.16
979.63,1014.83,1499.68,271.7,979.5,1007.53,1499.14,282.88
979.12,1012.58,1502.55,283.08,979.63,1014.83,1499.68,271.7
979.43,1017.32,1503.8,310.86,979.12,1012.58,1502.55,283.08
979.59,1016.86,1504.28,323.43,979.43,1017.32,1503.8,310.86
977.96,1019.28,1503.22,324.73,979.59,1016.86,1504.28,323.43
976.88,1020.98,1504.68,313.13,977.96,1019.28,1503.22,324.73
976.42,1017.72,1506.13,330.83,976.88,1020.98,1504.68,313.13
975.72,1015.98,1505.44,347.97,976.42,1017.72,1506.13,330.83
973.78,1012.0,1506.8,340.29,975.72,1015.98,1505.44,347.97
972.57,1011.41,1507.54,362.51,973.78,1012.0,1506.8,340.29
971.82,1017.86,1511.1,361.36,972.57,1011.41,1507.54,362.51
970.6,1017.47,1512.88,418.49,971.82,1017.86,1511.1,361.36
970.28,1010.11,1512.82,447.74,970.6,1017.47,1512.88,418.49
969.51,1014.31,1512.48,450.5,970.28,1010.11,1512.82,447.74
969.69,996.44,1512.56,432.19,969.51,1014.31,1512.48,450.5
970.44,1000.64,1513.42,433.77,969.69,996.44,1512.56,432.19
971.09,1005.09,1510.36,449.15,970.44,1000.64,1513.42,433.77
971.19,1003.19,1509.07,396.93,971.09,1005.09,1510.36,449.15
970.54,1004.7,1507.31,377.39,971.19,1003.19,1509.07,396.93
969.94,1003.25,1503.14,342.83,970.54,1004.7,1507.31,377.39
968.96,1002.83,1502.95,292.22,969.94,1003.25,1503.14,342.83
968.68,1007.47,1502.41,290.95,968.96,1002.83,1502.95,292.22
967.16,1006.1,1503.3,285.78,968.68,1007.47,1502.41,290.95
966.1,1002.74,1501.63,305.31,967.16,1006.1,1503.3,285.78
965.38,1001.9,1501.41,283.94,966.1,1002.74,1501.63,305.31
964.53,1001.65,1500.48,273.06,965.38,1001.9,1501.41,283.94
961.28,1008.57,1500.04,256.72,964.53,1001.65,1500.48,273.06
960.49,1019.92,1501.42,251.32,961.28,1008.57,1500.04,256.72
959.66,1020.85,1504.4,281.75,960.49,1019.92,1501.42,251.32
959.21,1025.53,1503.14,326.32,959.66,1020.85,1504.4,281.75
958.02,1024.74,1501.5,317.85,959.21,1025.53,1503.14,326.32
957.16,1029.66,1502.48,294.15,958.02,1024.74,1501.5,317.85
957.81,1038.45,1503.27,313.1,957.16,1029.66,1502.48,294.15
957.66,1038.83,1501.98,325.61,957.81,1038.45,1503.27,313.1
957.63,1038.35,1503.36,311.75,957.66,1038.83,1501.98,325.61
956.96,1036.44,1503.89,327.36,957.63,1038.35,1503.36,311.75
956.72,1039.86,1503.32,333.34,956.96,1036.44,1503.89,327.36
956.39,1038.62,1502.68,317.31,956.72,1039.86,1503.32,333.34
956.55,1036.73,1502.77,304.08,956.39,1038.62,1502.68,317.31
957.69,1039.34,1501.83,309.46,956.55,1036.73,1502.77,304.08
956.92,1040.49,1500.33,295.06,957.69,1039.34,1501.83,309.46
955.83,1041.74,1500.27,270.49,956.92,1040.49,1500.33,295.06
955.41,1045.71,1498.89,266.75,955.83,1041.74,1500.27,270.49
954.51,1044.82,1498.16,255.01,955.41,1045.71,1498.89,266.75
954.36,1041.42,1497.37,238.5,954.51,1044.82,1498.16,255.01
954.18,1041.2,1498.15,234.4,954.36,1041.42,1497.37,238.5
954.95,1044.64,1498.53,239.32,954.18,1041.2,1498.15,234.4
954.02,1044.33,1501.3,244.48,954.95,1044.64,1498.53,239.32
954.24,1075.37,1500.65,281.17,954.02,1044.33,1501.3,244.48
954.24,1079.4,1499.67,260.59,954.24,1075.37,1500.65,281.17
953.01,1079.05,1498.51,246.48,954.24,1079.4,1499.67,260.59
951.5,1077.21,1501.03,229.8,953.01,1079.05,1498.51,246.48
950.28,1075.45,1498.69,261.71,951.5,1077.21,1501.03,229.8
950.51,1089.97,1497.29,234.77,950.28,1075.45,1498.69,261.71
950.68,1093.12,1492.51,218.8,950.51,1089.97,1497.29,234.77
952.23,1103.87,1494.8,178.63,950.68,1093.12,1492.51,218.8
952.41,1103.54,1494.61,196.19,952.23,1103.87,1494.8,178.63
954.65,1096.75,1497.36,195.86,952.41,1103.54,1494.61,196.19
955.96,1082.6,1496.15,218.28,954.65,1096.75,1497.36,195.86
957.06,1022.96,1495.69,203.97,955.96,1082.6,1496.15,218.28
957.54,1023.96,1495.13,200.36,957.06,1022.96,1495.69,203.97
957.79,1029.26,1494.91,190.08,957.54,1023.96,1495.13,200.36
957.01,1029.22,1496.69,191.44,957.79,1029.26,1494.91,190.08
956.85,1029.93,1498.21,211.05,957.01,1029.22,1496.69,191.44
955.18,1028.48,1499.1,221.05,956.85,1029.93,1498.21,211.05
954.44,1030.73,1500.12,226.79,955.18,1028.48,1499.1,221.05
952.86,1029.41,1503.24,235.98,954.44,1030.73,1500.12,226.79
951.56,1025.92,1504.06,276.83,952.86,1029.41,1503.24,235.98
951.3,1024.33,1501.99,285.48,951.56,1025.92,1504.06,276.83
950.84,1021.75,1502.83,260.26,951.3,1024.33,1501.99,285.48
950.41,1028.43,1503.13,271.14,950.84,1021.75,1502.83,260.26
951.16,1008.38,1503.45,273.03,950.41,1028.43,1503.13,271.14
951.55,1013.79,1506.14,274.65,951.16,1008.38,1503.45,273.03
951.83,1020.39,1508.42,301.87,951.55,1013.79,1506.14,274.65
951.78,1024.1,1507.09,324.4,951.83,1020.39,1508.42,301.87
951.01,1026.34,1505.22,311.8,951.78,1024.1,1507.09,324.4
948.79,1023.56,1503.2,283.26,951.01,1026.34,1505.22,311.8
947.15,1019.43,1503.84,260.85,948.79,1023.56,1503.2,283.26
946.39,1023.21,1502.94,260.8,947.15,1019.43,1503.84,260.85
945.99,1025.35,1505.14,251.44,946.39,1023.21,1502.94,260.8
945.3,1025.41,1505.83,277.29,945.99,1025.35,1505.14,251.44
946.64,1029.43,1507.03,281.67,945.3,1025.41,1505.83,277.29
947.99,1034.79,1511.14,298.25,946.64,1029.43,1507.03,281.67
948.85,1038.47,1514.05,360.44,947.99,1034.79,1511.14,298.25
950.89,1048.0,1509.78,418.21,948.85,1038.47,1514.05,360.44
951.11,1049.67,1510.86,355.64,950.89,1048.0,1509.78,418.21
951.04,1049.3,1511.92,364.55,951.11,1049.67,1510.86,355.64
950.92,1044.74,1513.33,375.98,951.04,1049.3,1511.92,364.55
950.1,1045.01,1517.51,405.06,950.92,1044.74,1513.33,375.98
949.85,1052.27,1522.62,476.04,950.1,1045.01,1517.51,405.06
947.0,1044.24,1524.06,585.03,949.85,1052.27,1522.62,476.04
944.3,1040.75,1524.71,599.35,947.0,1044.24,1524.06,585.03
941.36,1036.69,1523.43,613.46,944.3,1040.75,1524.71,599.35
939.82,1041.48,1525.71,593.01,941.36,1036.69,1523.43,613.46
938.76,1045.95,1525.2,664.03,939.82,1041.48,1525.71,593.01
936.32,1040.69,1523.04,643.57,938.76,1045.95,1525.2,664.03
935.54,1045.65,1520.54,595.39,936.32,1040.69,1523.04,643.57
933.98,1043.32,1520.21,534.43,935.54,1045.65,1520.54,595.39
933.08,1050.32,1520.47,530.55,933.98,1043.32,1520.21,534.43
933.11,1052.41,1520.92,534.56,933.08,1050.32,1520.47,530.55
933.22,1050.23,1522.61,551.56,933.11,1052.41,1520.92,534.56
934.6,1051.03,1520.34,609.72,933.22,1050.23,1522.61,551.56
935.49,1053.47,1521.93,546.1,934.6,1051.03,1520.34,609.72
935.97,1050.47,1525.73,594.71,935.49,1053.47,1521.93,546.1
937.63,1043.38,1532.21,698.25,935.97,1050.47,1525.73,594.71
938.84,1042.66,1530.57,935.68,937.63,1043.38,1532.21,698.25
938.98,1044.95,1530.09,879.63,938.84,1042.66,1530.57,935.68
938.38,1045.57,1530.82,883.36,938.98,1044.95,1530.09,879.63
937.63,1047.84,1530.93,898.11,938.38,1045.57,1530.82,883.36
936.96,1051.87,1532.17,917.8,937.63,1047.84,1530.93,898.11
935.75,1050.77,1531.81,912.1,936.96,1051.87,1532.17,917.8
934.99,1050.6,1533.64,885.76,935.75,1050.77,1531.81,912.1
933.84,1050.43,1534.14,953.94,934.99,1050.6,1533.64,885.76
932.37,1049.62,1534.36,956.0,933.84,1050.43,1534.14,953.94
929.77,1041.42,1534.25,927.64,932.37,1049.62,1534.36,956.0
927.97,1042.59,1533.7,921.83,929.77,1041.42,1534.25,927.64
925.87,1039.07,1534.08,896.58,927.97,1042.59,1533.7,921.83
924.39,1034.58,1531.66,908.55,925.87,1039.07,1534.08,896.58
924.03,1036.13,1530.96,803.67,924.39,1034.58,1531.66,908.55
923.22,1041.31,1531.56,764.46,924.03,1036.13,1530.96,803.67
922.97,1041.82,1532.65,781.55,923.22,1041.31,1531.56,764.46
921.45,1043.11,1533.85,780.66,922.97,1041.82,1532.65,781.55
922.39,1048.04,1535.53,828.85,921.45,1043.11,1533.85,780.66
922.13,1048.99,1533.96,889.47,922.39,1048.04,1535.53,828.85
919.95,1043.29,1532.95,863.47,922.13,1048.99,1533.96,889.47
918.29,1040.29,1532.64,790.55,919.95,1043.29,1532.95,863.47
920.92,1081.4,1532.95,827.21,918.29,1040.29,1532.64,790.55
922.01,1081.37,1533.19,848.26,920.92,1081.4,1532.95,827.21
923.07,1083.66,1535.34,869.57,922.01,1081.37,1533.19,848.26
924.82,1077.42,1535.15,910.12,923.07,1083.66,1535.34,869.57
926.64,1085.91,1537.35,891.25,924.82,1077.42,1535.15,910.12
927.18,1090.32,1541.07,995.53,926.64,1085.91,1537.35,891.25
927.43,1109.11,1540.84,1179.32,927.18,1090.32,1541.07,995.53
927.72,1106.48,1539.74,1244.81,927.43,1109.11,1540.84,1179.32
927.37,1106.37,1540.68,1184.79,927.72,1106.48,1539.74,1244.81
926.95,1111.99,1540.98,1230.19,927.37,1106.37,1540.68,1184.79
927.83,1107.52,1542.15,1224.35,926.95,1111.99,1540.98,1230.19
927.82,1111.45,1542.86,1321.57,927.83,1107.52,1542.15,1224.35
929.05,1100.28,1543.39,1353.34,927.82,1111.45,1542.86,1321.57
929.19,1099.32,1542.85,1387.71,929.05,1100.28,1543.39,1353.34
930.19,1100.84,1543.49,1354.58,929.19,1099.32,1542.85,1387.71
930.31,1101.42,1544.35,1392.53,930.19,1100.84,1543.49,1354.58
929.6,1101.95,1544.72,1435.43,930.31,1101.42,1544.35,1392.53
928.29,1100.55,1545.08,1454.36,929.6,1101.95,1544.72,1435.43
927.12,1101.08,1545.86,1492.23,928.29,1100.55,1545.08,1454.36
925.33,1098.09,1546.64,1474.1,927.12,1101.08,1545.86,1492.23
924.47,1083.82,1544.59,1515.33,925.33,1098.09,1546.64,1474.1
924.25,1086.39,1544.43,1383.37,924.47,1083.82,1544.59,1515.33
922.17,1090.81,1546.11,1416.18,924.25,1086.39,1544.43,1383.37
920.57,1088.29,1546.78,1511.75,922.17,1090.81,1546.11,1416.18
919.56,1089.98,1548.21,1630.34,920.57,1088.29,1546.78,1511.75
918.05,1088.28,1547.46,1774.0,919.56,1089.98,1548.21,1630.34
916.19,1085.43,1548.78,1753.61,918.05,1088.28,1547.46,1774.0
915.53,1092.88,1547.65,1837.64,916.19,1085.43,1548.78,1753.61
914.77,1092.34,1541.86,1751.45,915.53,1092.88,1547.65,1837.64
912.31,1099.08,1542.82,1378.77,914.77,1092.34,1541.86,1751.45
912.06,1072.7,1543.69,1406.93,912.31,1099.08,1542.82,1378.77
910.07,1070.17,1542.5,1496.83,912.06,1072.7,1543.69,1406.93
907.86,1067.09,1542.21,1410.01,910.07,1070.17,1542.5,1496.83
907.66,1064.16,1547.55,1417.72,907.86,1067.09,1542.21,1410.01
907.28,1060.73,1548.44,1798.62,907.66,1064.16,1547.55,1417.72
906.19,1059.83,1538.7,1826.68,907.28,1060.73,1548.44,1798.62
904.5,1059.04,1540.11,1204.59,906.19,1059.83,1538.7,1826.68
902.78,1058.17,1538.61,1243.09,904.5,1059.04,1540.11,1204.59
900.83,1055.45,1537.62,1163.79,902.78,1058.17,1538.61,1243.09
899.96,1054.21,1537.62,1100.43,900.83,1055.45,1537.62,1163.79
899.48,1055.36,1535.56,1099.6,899.96,1054.21,1537.62,1100.43
897.97,1054.46,1535.05,1023.55,899.48,1055.36,1535.56,1099.6
896.47,1053.06,1533.58,1041.43,897.97,1054.46,1535.05,1023.55
894.89,1051.03,1533.86,972.0,896.47,1053.06,1533.58,1041.43
893.57,1051.75,1533.25,989.33,894.89,1051.03,1533.86,972.0
892.59,1049.55,1532.88,976.27,893.57,1051.75,1533.25,989.33
892.17,1052.94,1536.01,961.22,892.59,1049.55,1532.88,976.27
891.38,1053.16,1534.79,1104.68,892.17,1052.94,1536.01,961.22
890.04,1052.25,1535.93,1024.94,891.38,1053.16,1534.79,1104.68
889.1,1055.21,1537.43,1098.93,890.04,1052.25,1535.93,1024.94
889.38,1064.09,1541.81,1188.1,889.1,1055.21,1537.43,1098.93
889.02,1068.42,1541.35,1396.18,889.38,1064.09,1541.81,1188.1
888.04,1066.55,1542.7,1383.92,889.02,1068.42,1541.35,1396.18
887.12,1065.86,1541.95,1402.51,888.04,1066.55,1542.7,1383.92
886.34,1064.58,1542.13,1357.32,887.12,1065.86,1541.95,1402.51
884.69,1063.97,1543.59,1379.35,886.34,1064.58,1542.13,1357.32
884.15,1066.44,1544.28,1485.83,884.69,1063.97,1543.59,1379.35
884.2,1070.9,1546.38,1582.83,884.15,1066.44,1544.28,1485.83
884.07,1075.78,1543.18,1744.24,884.2,1070.9,1546.38,1582.83
884.03,1076.24,1539.45,1559.53,884.07,1075.78,1543.18,1744.24
883.74,1068.16,1540.66,1333.06,884.03,1076.24,1539.45,1559.53
882.43,1065.66,1540.34,1414.45,883.74,1068.16,1540.66,1333.06
882.67,1068.74,1538.4,1372.8,882.43,1065.66,1540.34,1414.45
882.41,1069.32,1538.3,1254.35,882.67,1068.74,1538.4,1372.8
881.89,1069.51,1538.49,1243.02,882.41,1069.32,1538.3,1254.35
880.57,1068.05,1537.36,1233.5,881.89,1069.51,1538.49,1243.02
879.75,1071.36,1534.91,1161.52,880.57,1068.05,1537.36,1233.5
878.73,1070.48,1532.8,1032.66,879.75,1071.36,1534.91,1161.52
878.33,1064.64,1532.67,946.22,878.73,1070.48,1532.8,1032.66
877.25,1063.67,1532.96,1019.43,878.33,1064.64,1532.67,946.22
876.18,1066.84,1533.22,1040.57,877.25,1063.67,1532.96,1019.43
875.39,1063.89,1532.62,1047.58,876.18,1066.84,1533.22,1040.57
874.52,1063.17,1533.72,1017.76,875.39,1063.89,1532.62,1047.58
873.25,1062.26,1532.46,1047.83,874.52,1063.17,1533.72,1017.76
870.61,1049.51,1542.06,984.72,873.25,1062.26,1532.46,1047.83
869.57,1049.06,1543.15,1536.27,870.61,1049.51,1542.06,984.72
868.29,1047.87,1543.21,1624.45,869.57,1049.06,1543.15,1536.27
867.24,1048.67,1545.43,1636.39,868.29,1047.87,1543.21,1624.45
867.75,1041.9,1546.71,1782.52,867.24,1048.67,1545.43,1636.39
868.36,1038.89,1549.2,1855.32,867.75,1041.9,1546.71,1782.52
867.94,1039.27,1550.87,2103.91,868.36,1038.89,1549.2,1855.32
866.88,1038.21,1551.41,2124.3,867.94,1039.27,1550.87,2103.91
866.44,1043.63,1549.67,2166.19,866.88,1038.21,1551.41,2124.3
866.32,1048.0,1545.12,2055.08,866.44,1043.63,1549.67,2166.19
865.31,1047.06,1546.01,1707.74,866.32,1048.0,1545.12,2055.08
865.75,1044.01,1547.86,1796.58,865.31,1047.06,1546.01,1707.74
865.28,1044.18,1546.42,1939.63,865.75,1044.01,1547.86,1796.58
865.51,1042.62,1546.15,1866.67,865.28,1044.18,1546.42,1939.63
865.34,1052.87,1547.92,1847.65,865.51,1042.62,1546.15,1866.67
866.73,1057.52,1547.52,1978.72,865.34,1052.87,1547.92,1847.65
866.94,1061.85,1546.3,1955.93,866.73,1057.52,1547.52,1978.72
868.11,1055.31,1546.01,1839.92,866.94,1061.85,1546.3,1955.93
868.06,1057.12,1546.3,1833.33,868.11,1055.31,1546.01,1839.92
868.46,1062.4,1542.7,1869.05,868.06,1057.12,1546.3,1833.33
868.18,1060.99,1543.3,1602.18,868.46,1062.4,1542.7,1869.05
867.74,1059.95,1542.75,1657.19,868.18,1060.99,1543.3,1602.18
867.56,1057.82,1542.72,1686.98,867.74,1059.95,1542.75,1657.19
868.86,1069.94,1543.1,1639.3,867.56,1057.82,1542.72,1686.98
869.32,1074.51,1544.23,1733.95,868.86,1069.94,1543.1,1639.3
869.53,1081.45,1543.72,1851.74,869.32,1074.51,1544.23,1733.95
869.71,1081.96,1541.88,1781.49,869.53,1081.45,1543.72,1851.74
870.69,1085.46,1541.03,1585.03,869.71,1081.96,1541.88,1781.49
871.49,1094.04,1541.68,1519.62,870.69,1085.46,1541.03,1585.03
872.2,1087.19,1541.54,1574.7,871.49,1094.04,1541.68,1519.62
872.34,1092.15,1539.88,1559.6,872.2,1087.19,1541.54,1574.7
872.26,1092.46,1536.55,1436.48,872.34,1092.15,1539.88,1559.6
872.6,1100.4,1538.24,1232.81,872.26,1092.46,1536.55,1436.48
872.8,1100.74,1534.2,1360.65,872.6,1100.4,1538.24,1232.81
872.53,1102.64,1534.91,1169.82,872.8,1100.74,1534.2,1360.65
872.05,1104.87,1532.37,1177.08,872.53,1102.64,1534.91,1169.82
870.9,1103.54,1531.18,1069.93,872.05,1104.87,1532.37,1177.08
869.68,1104.78,1531.02,952.01,870.9,1103.54,1531.18,1069.93
866.87,1078.96,1530.02,950.58,869.68,1104.78,1531.02,952.01
865.85,1066.44,1526.85,936.08,866.87,1078.96,1530.02,950.58
865.21,1071.45,1527.39,808.99,865.85,1066.44,1526.85,936.08
863.61,1069.61,1528.16,805.99,865.21,1071.45,1527.39,808.99
862.93,1073.71,1526.49,819.47,863.61,1069.61,1528.16,805.99
861.78,1072.2,1525.48,761.6,862.93,1073.71,1526.49,819.47
861.51,1086.7,1523.95,702.24,861.78,1072.2,1525.48,761.6
862.44,1092.07,1525.13,685.56,861.51,1086.7,1523.95,702.24
862.59,1094.34,1526.97,733.97,862.44,1092.07,1525.13,685.56
860.95,1094.36,1524.03,803.24,862.59,1094.34,1526.97,733.97
861.1,1095.28,1525.0,704.16,860.95,1094.36,1524.03,803.24
859.41,1102.24,1523.99,749.11,861.1,1095.28,1525.0,704.16
856.78,1093.37,1526.52,715.41,859.41,1102.24,1523.99,749.11
850.93,1060.3,1527.35,803.0,856.78,1093.37,1526.52,715.41
846.68,1052.33,1532.03,818.42,850.93,1060.3,1527.35,803.0
844.63,1053.13,1532.73,938.24,846.68,1052.33,1532.03,818.42
844.18,1051.96,1533.6,975.91,844.63,1053.13,1532.73,938.24
843.92,1038.18,1532.63,998.1,844.18,1051.96,1533.6,975.91
843.51,1035.79,1532.7,983.51,843.92,1038.18,1532.63,998.1
842.46,1034.52,1530.15,992.2,843.51,1035.79,1532.7,983.51
842.32,1037.68,1531.64,847.8,842.46,1034.52,1530.15,992.2
840.67,1035.95,1534.7,897.56,842.32,1037.68,1531.64,847.8
839.46,1026.76,1534.43,1030.57,840.67,1035.95,1534.7,897.56
838.79,1025.67,1533.36,997.82,839.46,1026.76,1534.43,1030.57
838.47,1028.41,1531.31,936.53,838.79,1025.67,1533.36,997.82
837.8,1028.46,1531.32,852.83,838.47,1028.41,1531.31,936.53
838.54,1029.97,1530.15,874.4,837.8,1028.46,1531.32,852.83
838.17,1031.0,1530.79,831.82,838.54,1029.97,1530.15,874.4
836.27,1031.93,1532.4,855.96,838.17,1031.0,1530.79,831.82
834.23,1029.59,1533.82,941.4,836.27,1031.93,1532.4,855.96
833.77,1049.65,1534.34,991.53,834.23,1029.59,1533.82,941.4
831.91,1049.98,1534.05,1003.96,833.77,1049.65,1534.34,991.53
830.41,1045.43,1533.78,970.23,831.91,1049.98,1534.05,1003.96
829.26,1031.94,1534.68,960.47,830.41,1045.43,1533.78,970.23
828.81,1011.81,1533.94,970.09,829.26,1031.94,1534.68,960.47
828.58,1009.44,1531.38,934.86,828.81,1011.81,1533.94,970.09
828.27,1004.23,1530.93,820.93,828.58,1009.44,1531.38,934.86
827.71,1005.15,1530.93,810.62,828.27,1004.23,1530.93,820.93
826.59,1003.69,1528.65,805.85,827.71,1005.15,1530.93,810.62
824.95,1000.98,1528.27,726.09,826.59,1003.69,1528.65,805.85
824.12,1002.52,1525.74,706.46,824.95,1000.98,1528.27,726.09
823.74,1006.65,1524.56,634.51,824.12,1002.52,1525.74,706.46
822.85,1007.5,1525.2,599.43,823.74,1006.65,1524.56,634.51
822.79,1023.42,1522.0,605.97,822.85,1007.5,1525.2,599.43
822.36,1025.28,1521.88,548.13,822.79,1023.42,1522.0,605.97
821.5,1024.26,1523.49,551.92,822.36,1025.28,1521.88,548.13
821.36,1022.18,1523.15,604.82,821.5,1024.26,1523.49,551.92
820.52,1021.97,1524.09,619.96,821.36,1022.18,1523.15,604.82
819.79,1025.19,1524.56,659.89,820.52,1021.97,1524.09,619.96
818.77,1025.73,1524.06,672.04,819.79,1025.19,1524.56,659.89
818.01,1025.77,1522.07,641.53,818.77,1025.73,1524.06,672.04
817.43,1024.77,1522.87,596.19,818.01,1025.77,1522.07,641.53
817.29,1027.06,1522.02,615.56,817.43,1024.77,1522.87,596.19
817.14,1017.01,1523.53,594.51,817.29,1027.06,1522.02,615.56
816.82,1013.98,1523.44,639.07,817.14,1017.01,1523.53,594.51
815.84,1013.13,1523.76,638.31,816.82,1013.98,1523.44,639.07
814.39,1011.41,1526.52,655.95,815.84,1013.13,1523.76,638.31
812.54,1009.93,1525.27,730.05,814.39,1011.41,1526.52,655.95
811.27,1005.58,1525.98,677.27,812.54,1009.93,1525.27,730.05
809.06,1002.79,1525.54,704.19,811.27,1005.58,1525.98,677.27
809.75,997.56,1527.35,679.38,809.06,1002.79,1525.54,704.19
809.27,997.82,1529.89,741.23,809.75,997.56,1527.35,679.38
807.07,997.46,1530.2,831.77,809.27,997.82,1529.89,741.23
805.53,995.44,1529.32,857.67,807.07,997.46,1530.2,831.77
803.57,992.23,1528.52,827.38,805.53,995.44,1529.32,857.67
802.0,983.4,1527.7,813.33,803.57,992.23,1528.52,827.38
801.24,984.32,1528.14,794.66,802.0,983.4,1527.7,813.33
801.03,979.49,1527.44,816.67,801.24,984.32,1528.14,794.66
799.88,979.22,1528.73,802.84,801.03,979.49,1527.44,816.67
798.36,977.16,1528.83,832.16,799.88,979.22,1528.73,802.84
797.01,976.07,1530.68,845.78,798.36,977.16,1528.83,832.16
796.56,984.08,1530.54,933.22,797.01,976.07,1530.68,845.78
795.8,982.87,1530.72,927.47,796.56,984.08,1530.54,933.22
794.95,982.44,1529.84,948.83,795.8,982.87,1530.72,927.47
792.47,979.76,1533.17,896.85,794.95,982.44,1529.84,948.83
790.11,976.61,1533.87,1033.84,792.47,979.76,1533.17,896.85
788.74,976.41,1536.04,1062.15,790.11,976.61,1533.87,1033.84
787.49,973.2,1538.02,1157.67,788.74,976.41,1536.04,1062.15
786.35,972.25,1544.34,1256.31,787.49,973.2,1538.02,1157.67
785.21,972.09,1544.46,1647.84,786.35,972.25,1544.34,1256.31
783.9,968.67,1542.14,1661.09,785.21,972.09,1544.46,1647.84
785.46,944.21,1544.47,1489.61,783.9,968.67,1542.14,1661.09
785.79,944.64,1547.49,1683.68,785.46,944.21,1544.47,1489.61
785.9,938.11,1548.77,1904.48,785.79,944.64,1547.49,1683.68
786.96,939.4,1549.56,1981.77,785.9,938.11,1548.77,1904.48
787.78,944.3,1548.68,2060.57,786.96,939.4,1549.56,1981.77
787.57,944.6,1551.01,2023.45,787.78,944.3,1548.68,2060.57
788.28,972.23,1550.34,2205.54,787.57,944.6,1551.01,2023.45
788.4,980.71,1549.24,2182.39,788.28,972.23,1550.34,2205.54
787.94,979.56,1549.67,2127.0,788.4,980.71,1549.24,2182.39
787.81,977.0,1549.03,2178.53,787.94,979.56,1549.67,2127.0
786.3,975.27,1550.5,2124.2,787.81,977.0,1549.03,2178.53
784.54,973.61,1550.69,2225.33,786.3,975.27,1550.5,2124.2
783.7,967.74,1551.37,2207.68,784.54,973.61,1550.69,2225.33
783.29,973.58,1549.73,2313.29,783.7,967.74,1551.37,2207.68
782.94,971.71,1549.79,2142.28,783.29,973.58,1549.73,2313.29
783.27,967.05,1548.29,2159.64,782.94,971.71,1549.79,2142.28
783.26,970.64,1548.14,2054.05,783.27,967.05,1548.29,2159.64
782.88,970.27,1547.32,2070.48,783.26,970.64,1548.14,2054.05
782.45,968.18,1549.28,2028.47,782.88,970.27,1547.32,2070.48
782.24,978.78,1548.5,2235.21,782.45,968.18,1549.28,2028.47
782.39,973.53,1550.64,2202.0,782.24,978.78,1548.5,2235.21
782.25,971.0,1550.22,2252.82,782.39,973.53,1550.64,2202.0
781.95,973.87,1548.64,2190.42,782.25,971.0,1550.22,2252.82
781.35,975.21,1546.45,1993.4,781.95,973.87,1548.64,2190.42
779.69,967.74,1546.34,1806.07,781.35,975.21,1546.45,1993.4
777.77,964.91,1547.11,1803.12,779.69,967.74,1546.34,1806.07
776.02,964.97,1546.02,1862.5,777.77,964.91,1547.11,1803.12
774.08,961.82,1546.8,1857.96,776.02,964.97,1546.02,1862.5
772.86,967.76,1547.0,1965.67,774.08,961.82,1546.8,1857.96
772.44,964.89,1548.52,1936.02,772.86,967.76,1547.0,1965.67
770.57,959.44,1549.22,2040.4,772.44,964.89,1548.52,1936.02
769.67,963.42,1549.6,2125.86,770.57,959.44,1549.22,2040.4
767.85,966.03,1550.11,2148.88,769.67,963.42,1549.6,2125.86
767.39,966.38,1548.49,2273.95,767.85,966.03,1550.11,2148.88
767.81,967.72,1548.37,2187.29,767.39,966.38,1548.49,2273.95
767.86,967.27,1547.51,2232.27,767.81,967.72,1548.37,2187.29
766.18,973.09,1547.9,2174.07,767.86,967.27,1547.51,2232.27
764.78,971.68,1550.19,2199.22,766.18,973.09,1547.9,2174.07
760.6,969.18,1552.19,2440.06,764.78,971.68,1550.19,2199.22
757.95,957.79,1550.63,2722.55,760.6,969.18,1552.19,2440.06
756.4,962.62,1549.82,2510.65,757.95,957.79,1550.63,2722.55
754.62,962.35,1548.11,2443.48,756.4,962.62,1549.82,2510.65
753.82,964.16,1549.75,2257.77,754.62,962.35,1548.11,2443.48
752.56,962.56,1551.99,2388.19,753.82,964.16,1549.75,2257.77
751.5,959.84,1549.56,2603.74,752.56,962.56,1551.99,2388.19
750.88,959.62,1549.98,2368.75,751.5,959.84,1549.56,2603.74
750.42,958.78,1550.31,2411.22,750.88,959.62,1549.98,2368.75
749.19,957.12,1550.89,2379.17,750.42,958.78,1550.31,2411.22
749.55,949.42,1549.86,2427.64,749.19,957.12,1550.89,2379.17
748.74,948.78,1549.49,2367.44,749.55,949.42,1549.86,2427.64
748.17,947.94,1543.7,2317.2,748.74,948.78,1549.49,2367.44
747.35,945.25,1543.64,1799.1,748.17,947.94,1543.7,2317.2
746.54,943.94,1542.83,1829.76,747.35,945.25,1543.64,1799.1
746.86,947.43,1541.64,1773.34,746.54,943.94,1542.83,1829.76
748.16,944.07,1541.4,1677.32,746.86,947.43,1541.64,1773.34
748.24,945.59,1542.34,1687.54,748.16,944.07,1541.4,1677.32
748.16,947.97,1542.24,1759.7,748.24,945.59,1542.34,1687.54
748.14,952.58,1540.0,1742.47,748.16,947.97,1542.24,1759.7
748.03,950.74,1540.18,1637.28,748.14,952.58,1540.0,1742.47
747.2,950.16,1538.05,1662.19,748.03,950.74,1540.18,1637.28
745.71,948.37,1536.13,1529.39,747.2,950.16,1538.05,1662.19
745.08,957.57,1536.56,1415.02,745.71,948.37,1536.13,1529.39
744.29,955.28,1537.18,1452.95,745.08,957.57,1536.56,1415.02
744.22,955.46,1536.96,1454.55,744.29,955.28,1537.18,1452.95
743.4,954.76,1537.12,1434.44,744.22,955.46,1536.96,1454.55
742.3,953.85,1535.97,1453.91,743.4,954.76,1537.12,1434.44
741.49,951.62,1535.64,1378.05,742.3,953.85,1535.97,1453.91
739.11,950.37,1533.25,1367.01,741.49,951.62,1535.64,1378.05
738.48,966.05,1533.51,1209.32,739.11,950.37,1533.25,1367.01
738.63,957.19,1531.32,1225.8,738.48,966.05,1533.51,1209.32
739.54,971.16,1531.4,1123.14,738.63,957.19,1531.32,1225.8
739.89,972.65,1529.27,1104.82,739.54,971.16,1531.4,1123.14
739.42,972.79,1530.37,993.7,739.89,972.65,1529.27,1104.82
739.47,973.36,1531.51,1033.69,739.42,972.79,1530.37,993.7
740.01,980.37,1532.84,1106.51,739.47,973.36,1531.51,1033.69
740.19,969.81,1534.34,1147.62,740.01,980.37,1532.84,1106.51
738.96,961.7,1532.24,1250.55,740.19,969.81,1534.34,1147.62
737.96,958.16,1532.13,1159.83,738.96,961.7,1532.24,1250.55
736.47,955.86,1532.58,1138.47,737.96,958.16,1532.13,1159.83
734.23,942.84,1530.29,1139.29,736.47,955.86,1532.58,1138.47
731.71,937.99,1529.76,1047.36,734.23,942.84,1530.29,1139.29
730.45,936.38,1530.21,1043.81,731.71,937.99,1529.76,1047.36
730.77,931.69,1530.74,1079.85,730.45,936.38,1530.21,1043.81
730.96,932.02,1530.55,1100.15,730.77,931.69,1530.74,1079.85
730.06,935.79,1532.27,1085.68,730.96,932.02,1530.55,1100.15
728.97,934.51,1532.39,1131.02,730.06,935.79,1532.27,1085.68
727.68,932.63,1533.28,1120.41,728.97,934.51,1532.39,1131.02
727.44,927.51,1530.56,1176.04,727.68,932.63,1533.28,1120.41
728.19,923.7,1531.11,1043.18,727.44,927.51,1530.56,1176.04
727.82,924.46,1532.59,1078.66,728.19,923.7,1531.11,1043.18
728.38,930.63,1532.79,1126.76,727.82,924.46,1532.59,1078.66
727.63,929.87,1534.69,1122.39,728.38,930.63,1532.79,1126.76
727.23,925.14,1534.16,1246.92,727.63,929.87,1534.69,1122.39
725.18,920.67,1534.85,1172.63,727.23,925.14,1534.16,1246.92
723.22,917.22,1535.65,1216.96,725.18,920.67,1534.85,1172.63
722.4,913.66,1536.37,1254.49,723.22,917.22,1535.65,1216.96
721.93,914.31,1533.51,1280.26,722.4,913.66,1536.37,1254.49
721.46,914.87,1535.13,1148.84,721.93,914.31,1533.51,1280.26
720.73,915.4,1537.16,1172.87,721.46,914.87,1535.13,1148.84
721.08,909.3,1535.98,1275.22,720.73,915.4,1537.16,1172.87
720.07,909.51,1536.83,1204.67,721.08,909.3,1535.98,1275.22
719.66,907.04,1535.33,1297.53,720.07,909.51,1536.83,1204.67
719.54,913.14,1536.14,1210.27,719.66,907.04,1535.33,1297.53
719.47,912.95,1534.29,1267.49,719.54,913.14,1536.14,1210.27
720.36,936.37,1534.58,1184.54,719.47,912.95,1534.29,1267.49
720.2,936.91,1534.59,1211.15,720.36,936.37,1534.58,1184.54
719.72,942.07,1535.89,1222.09,720.2,936.91,1534.59,1211.15
718.88,941.33,1536.6,1284.37,719.72,942.07,1535.89,1222.09
717.83,940.9,1538.16,1317.06,718.88,941.33,1536.6,1284.37
716.84,940.88,1535.89,1393.08,717.83,940.9,1538.16,1317.06
715.34,936.9,1541.86,1268.75,716.84,940.88,1535.89,1393.08
713.56,933.04,1541.96,1665.73,715.34,936.9,1541.86,1268.75
712.51,932.74,1541.86,1651.12,713.56,933.04,1541.96,1665.73
710.83,927.92,1540.84,1642.79,712.51,932.74,1541.86,1651.12
710.8,934.84,1540.52,1538.38,710.83,927.92,1540.84,1642.79
709.97,934.3,1540.79,1509.93,710.8,934.84,1540.52,1538.38
708.61,932.89,1542.58,1502.71,709.97,934.3,1540.79,1509.93
708.21,935.26,1545.01,1610.13,708.61,932.89,1542.58,1502.71
707.84,938.35,1544.77,1834.22,708.21,935.26,1545.01,1610.13
707.61,941.38,1544.0,1809.64,707.84,938.35,1544.77,1834.22
707.42,940.49,1545.34,1756.56,707.61,941.38,1544.0,1809.64
707.07,938.95,1546.53,1859.58,707.42,940.49,1545.34,1756.56
706.74,939.31,1547.54,1944.98,707.07,938.95,1546.53,1859.58
707.13,952.83,1545.89,2022.25,706.74,939.31,1547.54,1944.98
708.05,955.7,1545.16,1925.26,707.13,952.83,1545.89,2022.25
707.97,956.99,1544.78,1821.18,708.05,955.7,1545.16,1925.26
707.75,949.41,1544.96,1808.52,707.97,956.99,1544.78,1821.18
707.2,951.72,1544.17,1847.96,707.75,949.41,1544.96,1808.52
706.89,953.88,1543.83,1804.49,707.2,951.72,1544.17,1847.96
707.58,936.82,1544.48,1768.01,706.89,953.88,1543.83,1804.49
707.48,939.24,1544.57,1863.16,707.58,936.82,1544.48,1768.01
707.06,931.26,1542.95,1883.03,707.48,939.24,1544.57,1863.16
705.76,928.55,1543.92,1780.29,707.06,931.26,1542.95,1883.03
705.57,945.13,1542.99,1803.36,705.76,928.55,1543.92,1780.29
705.71,955.73,1541.43,1731.42,705.57,945.13,1542.99,1803.36
705.41,955.56,1539.94,1624.27,705.71,955.73,1541.43,1731.42
704.64,955.34,1540.98,1546.41,705.41,955.56,1539.94,1624.27
704.02,951.79,1539.98,1613.3,704.64,955.34,1540.98,1546.41
702.77,951.01,1543.86,1585.62,704.02,951.79,1539.98,1613.3
702.18,952.12,1543.29,1858.33,702.77,951.01,1543.86,1585.62
701.24,951.51,1542.93,1768.56,702.18,952.12,1543.29,1858.33
700.75,963.11,1542.39,1725.06,701.24,951.51,1542.93,1768.56
699.64,962.61,1540.63,1696.29,700.75,963.11,1542.39,1725.06
699.17,961.98,1540.95,1657.86,699.64,962.61,1540.63,1696.29
698.96,963.25,1542.35,1671.09,699.17,961.98,1540.95,1657.86
698.28,962.28,1538.26,1769.11,698.96,963.25,1542.35,1671.09
695.82,948.54,1536.6,1508.68,698.28,962.28,1538.26,1769.11
693.68,944.23,1537.47,1413.96,695.82,948.54,1536.6,1508.68
692.14,939.18,1537.0,1501.94,693.68,944.23,1537.47,1413.96
690.14,936.92,1536.22,1473.6,692.14,939.18,1537.0,1501.94
689.21,918.39,1538.07,1428.65,690.14,936.92,1536.22,1473.6
689.11,917.52,1537.73,1546.28,689.21,918.39,1538.07,1428.65
688.51,917.31,1537.99,1542.42,689.11,917.52,1537.73,1546.28
688.41,918.88,1525.31,1574.98,688.51,917.31,1537.99,1542.42
688.46,916.87,1525.77,912.31,688.41,918.88,1525.31,1574.98
688.81,924.15,1525.85,924.96,688.46,916.87,1525.77,912.31
689.14,922.07,1522.72,919.65,688.81,924.15,1525.85,924.96
689.14,930.23,1521.45,828.13,689.14,922.07,1522.72,919.65
689.68,937.05,1521.57,784.24,689.14,930.23,1521.45,828.13
690.38,939.49,1521.55,800.99,689.68,937.05,1521.57,784.24
690.53,934.67,1520.15,781.75,690.38,939.49,1521.55,800.99
690.33,935.58,1520.25,710.6,690.53,934.67,1520.15,781.75
689.66,936.1,1519.98,729.23,690.33,935.58,1520.25,710.6
688.98,934.88,1518.54,717.47,689.66,936.1,1519.98,729.23
688.29,935.31,1519.09,700.72,688.98,934.88,1518.54,717.47
688.3,931.73,1517.27,705.92,688.29,935.31,1519.09,700.72
687.43,931.04,1518.79,661.35,688.3,931.73,1517.27,705.92
686.32,929.93,1520.77,691.63,687.43,931.04,1518.79,661.35
685.15,929.83,1523.18,753.81,686.32,929.93,1520.77,691.63
684.44,928.96,1523.15,839.9,685.15,929.83,1523.18,753.81
684.54,925.43,1524.36,855.79,684.44,928.96,1523.15,839.9
684.55,935.88,1525.14,867.7,684.54,925.43,1524.36,855.79
684.36,932.76,1523.39,885.96,684.55,935.88,1525.14,867.7
684.71,936.98,1523.46,795.87,684.36,932.76,1523.39,885.96
685.08,931.61,1520.84,802.58,684.71,936.98,1523.46,795.87
685.27,936.95,1519.82,735.44,685.08,931.61,1520.84,802.58
685.65,940.95,1521.73,716.03,685.27,936.95,1519.82,735.44
685.67,942.86,1524.65,789.54,685.65,940.95,1521.73,716.03
685.01,942.62,1525.6,887.81,685.67,942.86,1524.65,789.54
683.53,935.74,1524.53,932.3,685.01,942.62,1525.6,887.81
683.18,941.02,1519.14,874.98,683.53,935.74,1524.53,932.3
682.93,931.24,1519.76,674.35,683.18,941.02,1519.14,874.98
682.44,931.14,1523.01,707.7,682.93,931.24,1519.76,674.35
682.15,930.99,1521.75,828.38,682.44,931.14,1523.01,707.7
682.4,937.18,1522.83,785.38,682.15,930.99,1521.75,828.38
682.57,936.07,1520.61,801.69,682.4,937.18,1522.83,785.38
682.27,938.32,1523.77,727.46,682.57,936.07,1520.61,801.69
682.54,941.28,1525.72,834.13,682.27,938.32,1523.77,727.46
682.99,944.15,1526.83,906.48,682.54,941.28,1525.72,834.13
682.17,941.22,1529.22,960.08,682.99,944.15,1526.83,906.48
681.45,936.69,1529.36,1053.31,682.17,941.22,1529.22,960.08
681.54,938.81,1526.91,1056.56,681.45,936.69,1529.36,1053.31
681.68,949.87,1527.77,961.69,681.54,938.81,1526.91,1056.56
680.48,941.16,1528.74,1010.06,681.68,949.87,1527.77,961.69
679.84,943.63,1530.28,1040.23,680.48,941.16,1528.74,1010.06
679.68,947.06,1529.25,1123.88,679.84,943.63,1530.28,1040.23
679.46,952.18,1528.58,1112.43,679.68,947.06,1529.25,1123.88
679.99,960.82,1531.2,1087.66,679.46,952.18,1528.58,1112.43
679.94,962.38,1528.95,1206.65,679.99,960.82,1531.2,1087.66
679.68,959.29,1528.07,1049.87,679.94,962.38,1528.95,1206.65
680.22,975.98,1527.63,1014.68,679.68,959.29,1528.07,1049.87
679.63,974.69,1525.65,994.23,680.22,975.98,1527.63,1014.68
678.96,973.87,1526.52,915.83,679.63,974.69,1525.65,994.23
678.27,975.92,1527.08,966.61,678.96,973.87,1526.52,915.83
677.75,968.82,1525.77,1002.42,678.27,975.92,1527.08,966.61
676.73,967.26,1526.66,945.3,677.75,968.82,1525.77,1002.42
675.3,964.92,1526.88,990.94,676.73,967.26,1526.66,945.3
